language,threads,connections,run,status,startup_ms,requests_per_sec,latency,p50,p75,p90,p95,p99,avg_cpu,peak_cpu,avg_memory_mb,peak_memory_mb
C,1,1,1,SUCCESS,4.899919000081354,17405.33,46.07us,,,,,,41.02772277227723,49.9,1.78125,1.78125
C,1,1,2,SUCCESS,4.899919000081354,17419.59,37.99us,,,,,,40.944,59.9,1.78125,1.78125
C,1,1,3,SUCCESS,4.899919000081354,15688.88,37.16us,,,,,,40.73861386138614,59.9,1.78125,1.78125
C,1,10,1,SUCCESS,18.323667000004207,35218.9,145.51us,,,,,,41.004950495049506,49.9,1.77734375,1.77734375
C,1,10,2,SUCCESS,18.323667000004207,39139.2,123.92us,,,,,,39.727722772277225,59.9,1.77734375,1.77734375
C,1,10,3,SUCCESS,18.323667000004207,37083.55,140.17us,,,,,,40.113,59.8,1.77734375,1.77734375
C,1,100,1,SUCCESS,15.90153500001179,43009.79,0.87ms,,,,,,36.62,49.9,1.78125,1.78125
C,1,100,2,SUCCESS,15.90153500001179,34011.0,1.16ms,,,,,,36.943564356435644,69.9,1.78125,1.78125
C,1,100,3,SUCCESS,15.90153500001179,44197.89,0.89ms,,,,,,37.525,59.9,1.78125,1.78125
C,1,500,1,SUCCESS,21.567849999883038,38963.17,3.87ms,,,,,,33.294059405940594,49.9,1.78125,1.78125
C,1,500,2,SUCCESS,21.567849999883038,37673.58,3.94ms,,,,,,32.39306930693069,49.9,1.78125,1.78125
C,1,500,3,SUCCESS,21.567849999883038,36140.38,4.20ms,,,,,,33.217,49.9,1.78125,1.78125
C,1,1000,1,SUCCESS,22.0189599999685,36022.35,8.02ms,,,,,,32.6009900990099,49.9,1.78125,1.78125
C,1,1000,2,SUCCESS,22.0189599999685,36406.61,7.88ms,,,,,,32.522999999999996,49.9,1.78125,1.78125
C,1,1000,3,SUCCESS,22.0189599999685,33734.45,8.57ms,,,,,,32.4009900990099,39.9,1.78125,1.78125
C,2,1,1,FAILED,22.390594000171404,,,,,,,,,,,
C,2,1,2,FAILED,22.390594000171404,,,,,,,,,,,
C,2,1,3,FAILED,22.390594000171404,,,,,,,,,,,
C,2,10,1,SUCCESS,18.190093999919554,57372.44,119.15us,,,,,,66.52277227722773,79.9,1.78125,1.78125
C,2,10,2,SUCCESS,18.190093999919554,73010.9,87.99us,,,,,,67.32277227722773,79.9,1.78125,1.78125
C,2,10,3,SUCCESS,18.190093999919554,61945.27,106.83us,,,,,,66.81782178217823,79.9,1.78125,1.78125
C,2,100,1,SUCCESS,20.108252999989418,67604.12,0.86ms,,,,,,69.768,79.9,1.78125,1.78125
C,2,100,2,SUCCESS,20.108252999989418,48529.54,1.65ms,,,,,,64.56435643564356,79.9,1.78125,1.78125
C,2,100,3,SUCCESS,20.108252999989418,111724.39,487.63us,,,,,,70.18316831683168,79.9,1.78125,1.78125
C,2,500,1,SUCCESS,20.32190999989325,88121.32,3.08ms,,,,,,66.58118811881188,79.9,1.78125,1.78125
C,2,500,2,SUCCESS,20.32190999989325,85190.61,3.23ms,,,,,,67.10297029702971,89.9,1.78125,1.78125
C,2,500,3,SUCCESS,20.32190999989325,71507.05,3.97ms,,,,,,65.02475247524752,79.9,1.78125,1.78125
C,2,1000,1,SUCCESS,20.93448100004025,81554.29,5.97ms,,,,,,63.842574257425746,79.9,1.78125,1.78125
C,2,1000,2,SUCCESS,20.93448100004025,105001.72,4.58ms,,,,,,66.41485148514852,79.9,1.78125,1.78125
C,2,1000,3,SUCCESS,20.93448100004025,106128.99,4.52ms,,,,,,66.01386138613861,79.9,1.78125,1.78125
C,4,1,1,FAILED,12.329305000093882,,,,,,,,,,,
C,4,1,2,FAILED,12.329305000093882,,,,,,,,,,,
C,4,1,3,FAILED,12.329305000093882,,,,,,,,,,,
C,4,10,1,SUCCESS,16.710438999780308,84357.9,83.66us,,,,,,95.63465346534653,109.9,1.77734375,1.77734375
C,4,10,2,SUCCESS,16.710438999780308,83696.65,74.02us,,,,,,93.85049504950494,109.9,1.77734375,1.77734375
C,4,10,3,SUCCESS,16.710438999780308,84819.99,72.88us,,,,,,95.13366336633663,109.9,1.77734375,1.77734375
C,4,100,1,SUCCESS,15.347865999956412,97961.32,0.96ms,,,,,,97.3029702970297,109.9,1.78125,1.78125
C,4,100,2,SUCCESS,15.347865999956412,96254.86,0.99ms,,,,,,97.60594059405942,109.9,1.78125,1.78125
C,4,100,3,SUCCESS,15.347865999956412,97409.52,0.97ms,,,,,,97.21089108910893,109.9,1.78125,1.78125
C,4,500,1,SUCCESS,16.01360000040586,95974.64,5.10ms,,,,,,98.1990099009901,109.9,1.78125,1.78125
C,4,500,2,SUCCESS,16.01360000040586,93153.73,5.28ms,,,,,,98.20297029702971,109.9,1.78125,1.78125
C,4,500,3,SUCCESS,16.01360000040586,95397.47,5.15ms,,,,,,98.3019801980198,109.9,1.78125,1.78125
C,4,1000,1,SUCCESS,18.136618999960774,89605.18,11.01ms,,,,,,98.1029702970297,109.9,1.78125,1.78125
C,4,1000,2,SUCCESS,18.136618999960774,92194.85,10.67ms,,,,,,98.20594059405941,109.9,1.78125,1.78125
C,4,1000,3,SUCCESS,18.136618999960774,93374.59,10.56ms,,,,,,98.30000000000001,109.9,1.78125,1.78125
C,8,1,1,FAILED,20.308999999997468,,,,,,,,,,,
C,8,1,2,FAILED,20.308999999997468,,,,,,,,,,,
C,8,1,3,FAILED,20.308999999997468,,,,,,,,,,,
C,8,10,1,SUCCESS,18.495529999654536,64807.51,107.88us,,,,,,99.2990099009901,109.9,1.78125,1.78125
C,8,10,2,SUCCESS,18.495529999654536,65649.31,105.35us,,,,,,99.18019801980199,109.9,1.78125,1.78125
C,8,10,3,SUCCESS,18.495529999654536,65787.08,105.28us,,,,,,98.9019801980198,109.9,1.78125,1.78125
C,8,100,1,SUCCESS,15.525591999903554,79211.59,1.19ms,,,,,,98.90297029702971,109.9,1.78125,1.78125
C,8,100,2,SUCCESS,15.525591999903554,79449.32,1.18ms,,,,,,98.39999999999999,109.9,1.78125,1.78125
C,8,100,3,SUCCESS,15.525591999903554,79417.07,1.18ms,,,,,,98.20990099009902,109.9,1.78125,1.78125
C,8,500,1,SUCCESS,14.626494999902206,76749.15,6.38ms,,,,,,97.64019607843139,109.9,1.78125,1.78125
C,8,500,2,SUCCESS,14.626494999902206,77471.33,6.31ms,,,,,,97.34117647058825,109.9,1.78125,1.78125
C,8,500,3,SUCCESS,14.626494999902206,77411.8,6.33ms,,,,,,97.44411764705883,109.9,1.78125,1.78125
C,8,1000,1,SUCCESS,20.295847999932448,75819.93,13.10ms,,,,,,98.3009900990099,109.9,1.78125,1.78125
C,8,1000,2,SUCCESS,20.295847999932448,77018.64,12.90ms,,,,,,98.30792079207922,109.9,1.78125,1.78125
C,8,1000,3,SUCCESS,20.295847999932448,77196.81,12.88ms,,,,,,98.3069306930693,109.9,1.78125,1.78125
C++,1,1,1,SUCCESS,18.36103899995578,22308.27,22.34us,,,,,,41.336633663366335,50.0,3.83203125,3.83203125
C++,1,1,2,SUCCESS,18.36103899995578,22215.47,22.34us,,,,,,41.13465346534654,50.0,3.83203125,3.83203125
C++,1,1,3,SUCCESS,18.36103899995578,22150.03,22.26us,,,,,,40.74059405940594,50.0,3.83203125,3.83203125
C++,1,10,1,SUCCESS,18.821272999957728,53628.56,80.16us,,,,,,37.86732673267327,50.0,3.85546875,3.85546875
C++,1,10,2,SUCCESS,18.821272999957728,53722.88,81.01us,,,,,,38.16138613861386,50.0,3.85546875,3.85546875
C++,1,10,3,SUCCESS,18.821272999957728,53855.37,79.48us,,,,,,37.66831683168317,50.0,3.85546875,3.85546875
C++,1,100,1,SUCCESS,14.238827000099263,41715.21,33.87ms,,,,,,28.780198019801983,50.0,3.859375,3.859375
C++,1,100,2,SUCCESS,14.238827000099263,46000.52,15.45ms,,,,,,29.15090909090909,50.0,3.859375,3.859375
C++,1,100,3,SUCCESS,14.238827000099263,40462.64,26.58ms,,,,,,27.684158415841583,50.0,3.859375,3.859375
C++,1,500,1,SUCCESS,17.072974999791768,38576.48,9.26ms,,,,,,26.6990099009901,50.0,3.85546875,3.85546875
C++,1,500,2,SUCCESS,17.072974999791768,22221.99,8.28ms,,,,,,14.124324324324323,49.9,3.85546875,3.85546875
C++,1,500,3,SUCCESS,17.072974999791768,13645.05,3.79ms,,,,,,5.607017543859649,49.9,3.85546875,3.85546875
C++,1,1000,1,SUCCESS,14.722591000008833,36235.07,9.42ms,,,,,,25.813861386138612,50.0,3.859375,3.859375
C++,1,1000,2,SUCCESS,14.722591000008833,34191.45,10.08ms,,,,,,24.426732673267328,49.9,3.859375,3.859375
C++,1,1000,3,SUCCESS,14.722591000008833,31626.06,13.10ms,,,,,,20.782882882882884,50.0,3.859375,3.859375
C++,2,1,1,FAILED,20.823863000259735,,,,,,,,,,,
C++,2,1,2,FAILED,20.823863000259735,,,,,,,,,,,
C++,2,1,3,FAILED,20.823863000259735,,,,,,,,,,,
C++,2,10,1,SUCCESS,15.872582999691076,97462.35,65.17us,,,,,,71.28019801980199,79.9,3.85546875,3.85546875
C++,2,10,2,SUCCESS,15.872582999691076,96166.91,66.09us,,,,,,71.27623762376238,79.9,3.85546875,3.85546875
C++,2,10,3,SUCCESS,15.872582999691076,97139.99,64.98us,,,,,,71.0811881188119,79.9,3.85546875,3.85546875
C++,2,100,1,SUCCESS,12.089180999737437,86280.86,7.10ms,,,,,,62.58019801980198,79.9,3.86328125,3.86328125
C++,2,100,2,SUCCESS,12.089180999737437,71989.91,22.76ms,,,,,,53.47722772277228,79.9,3.86328125,3.86328125
C++,2,100,3,SUCCESS,12.089180999737437,78186.38,17.44ms,,,,,,57.635643564356435,79.9,3.86328125,3.86328125
C++,2,500,1,SUCCESS,18.501282000215724,57745.21,7.00ms,,,,,,41.91485148514852,79.9,3.88671875,3.88671875
C++,2,500,2,SUCCESS,18.501282000215724,78060.85,16.57ms,,,,,,58.722772277227726,79.9,3.88671875,3.88671875
C++,2,500,3,SUCCESS,18.501282000215724,29391.46,9.29ms,,,,,,21.048648648648648,79.9,3.88671875,3.88671875
C++,2,1000,1,SUCCESS,18.660483000076056,69209.08,7.19ms,,,,,,51.7049504950495,79.9,3.83984375,3.83984375
C++,2,1000,2,SUCCESS,18.660483000076056,60608.2,8.35ms,,,,,,46.36534653465347,79.9,3.83984375,3.83984375
C++,2,1000,3,SUCCESS,18.660483000076056,43169.93,10.23ms,,,,,,20.142441860465116,79.9,3.83984375,3.83984375
C++,4,1,1,FAILED,15.93120600000475,,,,,,,,,,,
C++,4,1,2,FAILED,15.93120600000475,,,,,,,,,,,
C++,4,1,3,FAILED,15.93120600000475,,,,,,,,,,,
C++,4,10,1,SUCCESS,15.772455999922386,83699.22,74.08us,,,,,,96.62376237623762,109.9,3.828125,3.828125
C++,4,10,2,SUCCESS,15.772455999922386,83412.51,74.72us,,,,,,96.42277227722774,109.9,3.828125,3.828125
C++,4,10,3,SUCCESS,15.772455999922386,83746.92,74.40us,,,,,,96.72277227722772,109.9,3.828125,3.828125
C++,4,100,1,SUCCESS,13.878304999707325,69401.4,26.94ms,,,,,,67.15148514851485,109.9,3.8671875,3.8671875
C++,4,100,2,SUCCESS,13.878304999707325,93103.95,11.20ms,,,,,,90.97326732673268,109.9,3.8671875,3.8671875
C++,4,100,3,SUCCESS,13.878304999707325,54488.05,24.60ms,,,,,,53.2950495049505,109.9,3.8671875,3.8671875
C++,4,500,1,SUCCESS,13.897805999931734,31705.48,15.92ms,,,,,,28.575247524752474,99.9,3.859375,3.859375
C++,4,500,2,SUCCESS,13.897805999931734,14169.76,5.67ms,,,,,,8.794039735099338,99.9,3.859375,3.859375
C++,4,500,3,SUCCESS,13.897805999931734,28679.22,9.60ms,,,,,,28.084158415841586,99.9,3.859375,3.859375
C++,4,1000,1,SUCCESS,18.664922999960254,53744.84,12.18ms,,,,,,51.13400000000001,99.9,3.859375,3.859375
C++,4,1000,2,SUCCESS,18.664922999960254,23537.68,9.96ms,,,,,,22.372000000000003,99.9,3.859375,3.859375
C++,4,1000,3,SUCCESS,18.664922999960254,42336.34,5.97ms,,,,,,31.941322314049586,99.9,3.859375,3.859375
C++,8,1,1,FAILED,18.99798499971439,,,,,,,,,,,
C++,8,1,2,FAILED,18.99798499971439,,,,,,,,,,,
C++,8,1,3,FAILED,18.99798499971439,,,,,,,,,,,
C++,8,10,1,SUCCESS,18.715665000399895,63462.61,109.89us,,,,,,99.1990099009901,119.8,3.85546875,3.85546875
C++,8,10,2,SUCCESS,18.715665000399895,63802.91,109.03us,,,,,,99.29108910891088,109.9,3.85546875,3.85546875
C++,8,10,3,SUCCESS,18.715665000399895,63833.41,109.32us,,,,,,99.2,109.9,3.85546875,3.85546875
C++,8,100,1,SUCCESS,18.77663000004759,66031.77,21.58ms,,,,,,80.3921568627451,109.9,3.84765625,3.84765625
C++,8,100,2,SUCCESS,18.77663000004759,78630.29,13.00ms,,,,,,95.28627450980393,109.9,3.84765625,3.84765625
C++,8,100,3,SUCCESS,18.77663000004759,71150.21,16.76ms,,,,,,86.23663366336633,109.9,3.84765625,3.84765625
C++,8,500,1,SUCCESS,13.300606000029802,69070.08,17.59ms,,,,,,77.62673267326733,109.9,3.8671875,3.8671875
C++,8,500,2,SUCCESS,13.300606000029802,50253.0,9.21ms,,,,,,51.016666666666666,109.8,3.8671875,3.8671875
C++,8,500,3,SUCCESS,13.300606000029802,53742.14,16.37ms,,,,,,56.46138613861387,109.9,3.8671875,3.8671875
C++,8,1000,1,SUCCESS,17.35456400001567,48289.93,12.57ms,,,,,,51.720792079207925,109.9,3.85546875,3.85546875
C++,8,1000,2,SUCCESS,17.35456400001567,3701.46,133.03us,,,,,,4.44950495049505,89.9,3.85546875,3.85546875
C++,8,1000,3,SUCCESS,17.35456400001567,50147.14,11.31ms,,,,,,47.38429752066116,109.9,3.85546875,3.85546875
Python,1,1,1,SUCCESS,68.8241550001294,20723.09,25.89us,,,,,,48.25445544554455,59.9,10.21875,10.21875
Python,1,1,2,SUCCESS,68.8241550001294,20700.23,25.87us,,,,,,48.255445544554455,59.9,10.21875,10.21875
Python,1,1,3,SUCCESS,68.8241550001294,20694.24,25.87us,,,,,,47.95148514851485,59.9,10.21875,10.21875
Python,1,10,1,SUCCESS,65.75019399997473,55036.81,82.59us,,,,,,53.17821782178218,59.9,10.26171875,10.26171875
Python,1,10,2,SUCCESS,65.75019399997473,55029.35,83.21us,,,,,,52.87920792079208,59.9,10.26171875,10.26171875
Python,1,10,3,SUCCESS,65.75019399997473,55039.73,82.52us,,,,,,52.67722772277227,59.9,10.26171875,10.26171875
Python,1,100,1,SUCCESS,67.42386399992029,63533.37,704.61us,,,,,,51.897,69.9,10.234375,10.234375
Python,1,100,2,SUCCESS,67.42386399992029,64107.7,718.75us,,,,,,51.37326732673267,69.9,10.234375,10.234375
Python,1,100,3,SUCCESS,67.42386399992029,63297.54,716.92us,,,,,,51.187,59.9,10.234375,10.234375
Python,1,500,1,SUCCESS,72.1143639998445,61984.71,14.21ms,,,,,,49.6009900990099,59.9,10.24609375,10.24609375
Python,1,500,2,SUCCESS,72.1143639998445,62226.62,11.97ms,,,,,,49.89306930693069,59.9,10.24609375,10.24609375
Python,1,500,3,SUCCESS,72.1143639998445,57655.44,19.99ms,,,,,,45.852475247524744,59.9,10.24609375,10.24609375
Python,1,1000,1,SUCCESS,75.53685399989263,60653.48,15.87ms,,,,,,49.01188118811881,59.9,10.2109375,10.2109375
Python,1,1000,2,SUCCESS,75.53685399989263,54882.31,14.91ms,,,,,,44.46237623762376,69.9,10.2109375,10.2109375
Python,1,1000,3,SUCCESS,75.53685399989263,52574.71,19.14ms,,,,,,42.29207920792079,59.9,10.2109375,10.2109375
Python,2,1,1,FAILED,67.96049200011112,,,,,,,,,,,
Python,2,1,2,FAILED,67.96049200011112,,,,,,,,,,,
Python,2,1,3,FAILED,67.96049200011112,,,,,,,,,,,
Python,2,10,1,SUCCESS,58.99256099974082,70587.65,119.69us,,,,,,95.81683168316832,109.9,10.2265625,10.2265625
Python,2,10,2,SUCCESS,58.99256099974082,70598.87,119.12us,,,,,,95.72772277227723,109.9,10.2265625,10.2265625
Python,2,10,3,SUCCESS,58.99256099974082,71210.56,117.65us,,,,,,95.52673267326733,109.9,10.2265625,10.2265625
Python,2,100,1,SUCCESS,84.88284600025509,116939.73,650.95us,,,,,,96.56200000000001,109.9,10.2421875,10.2421875
Python,2,100,2,SUCCESS,84.88284600025509,117768.81,665.35us,,,,,,97.262,109.9,10.2421875,10.2421875
Python,2,100,3,SUCCESS,84.88284600025509,117154.61,655.45us,,,,,,96.664,109.9,10.2421875,10.2421875
Python,2,500,1,SUCCESS,81.98574900006861,89684.71,34.00ms,,,,,,74.64356435643565,109.8,10.22265625,10.22265625
Python,2,500,2,SUCCESS,81.98574900006861,84712.68,20.03ms,,,,,,68.80495049504951,109.9,10.22265625,10.22265625
Python,2,500,3,SUCCESS,81.98574900006861,81284.86,46.17ms,,,,,,45.23046357615894,109.8,10.22265625,10.22265625
Python,2,1000,1,SUCCESS,65.79480000027615,67594.75,17.59ms,,,,,,56.244554455445545,109.9,10.2421875,10.2421875
Python,2,1000,2,SUCCESS,65.79480000027615,60144.85,30.14ms,,,,,,34.15592105263158,109.8,10.2421875,10.2421875
Python,2,1000,3,SUCCESS,65.79480000027615,59102.54,32.58ms,,,,,,49.726732673267335,109.9,10.2421875,10.2421875
Python,4,1,1,FAILED,63.74966300018059,,,,,,,,,,,
Python,4,1,2,FAILED,63.74966300018059,,,,,,,,,,,
Python,4,1,3,FAILED,63.74966300018059,,,,,,,,,,,
Python,4,10,1,SUCCESS,69.5060480002212,53820.95,129.95us,,,,,,97.81683168316832,109.9,10.28515625,10.28515625
Python,4,10,2,SUCCESS,69.5060480002212,54186.84,130.46us,,,,,,98.80594059405941,109.9,10.28515625,10.28515625
Python,4,10,3,SUCCESS,69.5060480002212,54249.59,130.46us,,,,,,98.90396039603961,109.9,10.28515625,10.28515625
Python,4,100,1,SUCCESS,76.99319999983345,57486.55,1.70ms,,,,,,98.4059405940594,109.9,10.234375,10.234375
Python,4,100,2,SUCCESS,76.99319999983345,57222.74,1.71ms,,,,,,98.20990099009902,109.9,10.234375,10.234375
Python,4,100,3,SUCCESS,76.99319999983345,57745.97,1.69ms,,,,,,98.41386138613862,109.9,10.234375,10.234375
Python,4,500,1,SUCCESS,78.81758600024114,32060.72,32.36ms,,,,,,53.9960396039604,109.9,10.23828125,10.23828125
Python,4,500,2,SUCCESS,78.81758600024114,0.0,0.00us,,,,,,0.05847953216374269,10.0,10.23828125,10.23828125
Python,4,500,3,SUCCESS,78.81758600024114,31310.82,28.40ms,,,,,,48.05225225225225,109.9,10.23828125,10.23828125
Python,4,1000,1,SUCCESS,70.4792169999564,34432.63,20.75ms,,,,,,57.556435643564356,109.9,10.23828125,10.23828125
Python,4,1000,2,SUCCESS,70.4792169999564,33762.79,15.27ms,,,,,,56.56435643564357,109.9,10.23828125,10.23828125
Python,4,1000,3,SUCCESS,70.4792169999564,7296.74,1.98ms,,,,,,7.937086092715232,109.9,10.23828125,10.23828125
Python,8,1,1,FAILED,65.33660300010524,,,,,,,,,,,
Python,8,1,2,FAILED,65.33660300010524,,,,,,,,,,,
Python,8,1,3,FAILED,65.33660300010524,,,,,,,,,,,
Python,8,10,1,SUCCESS,68.60470999981771,49465.58,146.44us,,,,,,99.20297029702971,109.9,10.23046875,10.23046875
Python,8,10,2,SUCCESS,68.60470999981771,49301.13,147.02us,,,,,,99.4019801980198,109.9,10.23046875,10.23046875
Python,8,10,3,SUCCESS,68.60470999981771,49359.88,146.76us,,,,,,99.3970297029703,109.9,10.23046875,10.23046875
Python,8,100,1,SUCCESS,69.1476470001362,53281.97,1.77ms,,,,,,98.20990099009902,109.9,10.26171875,10.26171875
Python,8,100,2,SUCCESS,69.1476470001362,53848.14,1.77ms,,,,,,99.10396039603961,109.9,10.26171875,10.26171875
Python,8,100,3,SUCCESS,69.1476470001362,53308.37,1.78ms,,,,,,99.20099009900991,109.9,10.26171875,10.26171875
Python,8,500,1,SUCCESS,72.50694200001817,30655.04,28.41ms,,,,,,54.88316831683168,109.9,10.23046875,10.23046875
Python,8,500,2,SUCCESS,72.50694200001817,7769.63,2.08ms,,,,,,8.468211920529802,99.9,10.23046875,10.23046875
Python,8,500,3,SUCCESS,72.50694200001817,0.0,0.00us,,,,,,0.04739336492890995,10.0,10.23046875,10.23046875
Python,8,1000,1,SUCCESS,73.80777900016255,31372.52,15.13ms,,,,,,56.07524752475248,109.9,10.28125,10.28125
Python,8,1000,2,SUCCESS,73.80777900016255,33244.95,21.98ms,,,,,,40.275,109.9,10.28125,10.28125
Python,8,1000,3,SUCCESS,73.80777900016255,26132.01,22.32ms,,,,,,41.927927927927925,109.9,10.28125,10.28125
JavaScript,1,1,1,SUCCESS,191.33462799982226,15985.05,37.62us,,,,,,80.69200000000001,109.8,74.1041015625,76.76953125
JavaScript,1,1,2,SUCCESS,191.33462799982226,16221.85,37.41us,,,,,,82.785,99.9,76.76953125,76.76953125
JavaScript,1,1,3,SUCCESS,191.33462799982226,16291.76,37.27us,,,,,,82.881,99.9,76.76953125,76.76953125
JavaScript,1,10,1,SUCCESS,128.028944000107,30251.71,291.50us,,,,,,98.443,109.9,76.4557421875,77.05859375
JavaScript,1,10,2,SUCCESS,128.028944000107,29693.17,299.81us,,,,,,99.05148514851486,129.8,77.70385983910892,77.71484375
JavaScript,1,10,3,SUCCESS,128.028944000107,30378.6,290.05us,,,,,,98.46633663366337,109.9,83.1071318069307,84.265625
JavaScript,1,100,1,SUCCESS,126.31925900041097,33091.07,2.95ms,,,,,,100.44200000000001,119.7,76.97765625,77.39453125
JavaScript,1,100,2,SUCCESS,126.31925900041097,32326.96,3.00ms,,,,,,100.04,129.7,81.3416015625,84.796875
JavaScript,1,100,3,SUCCESS,126.31925900041097,33954.75,2.85ms,,,,,,99.854,109.9,84.8749609375,84.91796875
JavaScript,1,500,1,SUCCESS,128.7799060000907,31690.23,15.59ms,,,,,,99.54752475247525,129.8,77.12581219059406,77.42578125
JavaScript,1,500,2,SUCCESS,128.7799060000907,30503.63,16.21ms,,,,,,99.65445544554456,109.9,80.92056002475248,84.84765625
JavaScript,1,500,3,SUCCESS,128.7799060000907,31291.02,15.78ms,,,,,,99.05445544554455,109.9,84.86629795792079,84.87109375
JavaScript,1,1000,1,SUCCESS,126.89654899986635,30704.76,24.26ms,,,,,,99.55445544554455,119.8,77.44964418316832,77.6484375
JavaScript,1,1000,2,SUCCESS,126.89654899986635,31396.97,23.63ms,,,,,,99.62475247524753,119.7,85.50386757425743,85.61328125
JavaScript,1,1000,3,SUCCESS,126.89654899986635,30070.25,22.86ms,,,,,,99.06534653465347,109.9,85.64050897277228,85.66796875
JavaScript,2,1,1,FAILED,127.68615899994984,,,,,,,,,,,
JavaScript,2,1,2,FAILED,127.68615899994984,,,,,,,,,,,
JavaScript,2,1,3,FAILED,127.68615899994984,,,,,,,,,,,
JavaScript,2,10,1,SUCCESS,127.07299700014119,24290.85,388.10us,,,,,,99.08,149.8,77.508671875,78.0546875
JavaScript,2,10,2,SUCCESS,127.07299700014119,24862.98,382.14us,,,,,,99.97425742574256,109.9,78.08145111386139,78.08984375
JavaScript,2,10,3,SUCCESS,127.07299700014119,24532.33,383.91us,,,,,,99.28118811881188,109.9,78.08988242574257,78.09375
JavaScript,2,100,1,SUCCESS,124.55783699988388,24472.32,4.06ms,,,,,,100.07600000000001,129.8,76.63609375,77.328125
JavaScript,2,100,2,SUCCESS,124.55783699988388,24594.28,4.04ms,,,,,,100.36399999999999,119.8,77.5973828125,77.59765625
JavaScript,2,100,3,SUCCESS,124.55783699988388,24513.53,4.05ms,,,,,,99.77,109.9,77.59765625,77.59765625
JavaScript,2,500,1,SUCCESS,123.56103699994492,24303.89,20.42ms,,,,,,99.57128712871288,119.9,77.89731590346534,77.93359375
JavaScript,2,500,2,SUCCESS,123.56103699994492,24723.81,20.11ms,,,,,,99.07326732673268,109.9,77.96789913366337,77.96875
JavaScript,2,500,3,SUCCESS,123.56103699994492,24493.38,20.27ms,,,,,,99.17623762376239,109.9,79.05225092821782,84.51953125
JavaScript,2,1000,1,SUCCESS,129.00244399997973,24200.53,24.09ms,,,,,,99.57821782178218,109.9,77.88486231435644,78.06640625
JavaScript,2,1000,2,SUCCESS,129.00244399997973,24027.69,25.97ms,,,,,,99.58019801980198,109.9,81.91522277227723,85.953125
JavaScript,2,1000,3,SUCCESS,129.00244399997973,24064.15,29.28ms,,,,,,99.0811881188119,109.9,87.26407797029702,87.296875
JavaScript,4,1,1,FAILED,125.64963299973897,,,,,,,,,,,
JavaScript,4,1,2,FAILED,125.64963299973897,,,,,,,,,,,
JavaScript,4,1,3,FAILED,125.64963299973897,,,,,,,,,,,
JavaScript,4,10,1,SUCCESS,129.41044899980625,23361.49,323.91us,,,,,,99.88019801980198,109.9,76.13985148514851,76.97265625
JavaScript,4,10,2,SUCCESS,129.41044899980625,23069.33,328.91us,,,,,,100.37722772277228,119.9,77.98812654702971,77.9921875
JavaScript,4,10,3,SUCCESS,129.41044899980625,22983.74,330.05us,,,,,,99.97227722772278,109.9,77.99230352722772,78.00390625
JavaScript,4,100,1,SUCCESS,127.74743199997829,24491.43,4.06ms,,,,,,100.081,109.9,76.364453125,77.1171875
JavaScript,4,100,2,SUCCESS,127.74743199997829,24140.58,4.11ms,,,,,,100.485,119.8,78.1170703125,78.1171875
JavaScript,4,100,3,SUCCESS,127.74743199997829,24475.79,4.05ms,,,,,,98.99702970297031,109.9,78.1171875,78.1171875
JavaScript,4,500,1,SUCCESS,129.32560900026147,24504.09,20.18ms,,,,,,99.37920792079208,119.9,77.11200495049505,77.5390625
JavaScript,4,500,2,SUCCESS,129.32560900026147,23707.43,20.97ms,,,,,,99.57920792079207,109.9,78.1832843440594,78.18359375
JavaScript,4,500,3,SUCCESS,129.32560900026147,23386.19,21.22ms,,,,,,98.9960396039604,109.9,78.18359375,78.18359375
JavaScript,4,1000,1,SUCCESS,128.88082000017675,23277.73,26.84ms,,,,,,99.09306930693069,109.9,77.21871132425743,78.3203125
JavaScript,4,1000,2,SUCCESS,128.88082000017675,22867.53,27.02ms,,,,,,99.4930693069307,109.9,79.40373607673267,79.43359375
JavaScript,4,1000,3,SUCCESS,128.88082000017675,23168.88,25.39ms,,,,,,99.08811881188119,109.9,84.3379099628713,85.44921875
JavaScript,8,1,1,FAILED,123.75174999988303,,,,,,,,,,,
JavaScript,8,1,2,FAILED,123.75174999988303,,,,,,,,,,,
JavaScript,8,1,3,FAILED,123.75174999988303,,,,,,,,,,,
JavaScript,8,10,1,SUCCESS,129.0965840003082,23093.55,327.45us,,,,,,99.890099009901,119.9,75.94972153465346,76.7109375
JavaScript,8,10,2,SUCCESS,129.0965840003082,23159.27,328.77us,,,,,,99.790099009901,109.9,76.7109375,76.7109375
JavaScript,8,10,3,SUCCESS,129.0965840003082,23205.51,327.84us,,,,,,99.98415841584158,109.9,76.7109375,76.7109375
JavaScript,8,100,1,SUCCESS,127.44820499983689,23231.24,4.10ms,,,,,,100.089,109.9,76.338125,77.08203125
JavaScript,8,100,2,SUCCESS,127.44820499983689,23459.79,4.06ms,,,,,,99.48514851485149,129.9,77.89429919554455,77.89453125
JavaScript,8,100,3,SUCCESS,127.44820499983689,23375.03,4.08ms,,,,,,100.28399999999999,109.9,77.8965625,77.8984375
JavaScript,8,500,1,SUCCESS,125.44489099991551,23160.28,21.17ms,,,,,,99.78217821782178,119.9,77.17879795792079,77.359375
JavaScript,8,500,2,SUCCESS,125.44489099991551,23286.82,21.21ms,,,,,,99.78118811881188,109.9,78.10531404702971,78.5078125
JavaScript,8,500,3,SUCCESS,125.44489099991551,23774.21,20.79ms,,,,,,99.17920792079208,109.9,81.54749381188118,84.69140625
JavaScript,8,1000,1,SUCCESS,128.55627199996889,23263.53,32.24ms,,,,,,99.3881188118812,119.9,77.32298112623762,77.3984375
JavaScript,8,1000,2,SUCCESS,128.55627199996889,22995.46,26.11ms,,,,,,99.68712871287129,110.0,79.36571782178218,79.3828125
JavaScript,8,1000,3,SUCCESS,128.55627199996889,22880.23,26.02ms,,,,,,98.9881188118812,109.9,82.74655785891089,84.91015625
