language,threads,connections,run,requests_per_sec,latency
C,1,1,1,14593.29,47.46us
C,1,1,2,14482.74,41.17us
C,1,1,3,16106.11,38.90us
C,2,10,1,73342.89,108.16us
C,2,10,2,74875.58,113.21us
C,2,10,3,76410.9,94.56us
C,4,100,1,103278.89,0.85ms
C,4,100,2,87076.78,1.03ms
C,4,100,3,85819.62,1.03ms
C++,1,1,1,17733.92,30.49us
C++,1,1,2,17292.91,35.88us
C++,1,1,3,16434.14,40.37us
C++,2,10,1,70613.77,106.31us
C++,2,10,2,71432.16,103.56us
C++,2,10,3,73134.82,96.57us
C++,4,100,1,55386.24,13.38ms
C++,4,100,2,63522.37,11.66ms
C++,4,100,3,60512.46,34.83ms
Python,1,1,1,16720.95,35.74us
Python,1,1,2,16880.8,33.98us
Python,1,1,3,15325.75,48.10us
Python,2,10,1,56332.86,180.67us
Python,2,10,2,60682.64,146.93us
Python,2,10,3,56485.15,167.30us
Python,4,100,1,52311.69,1.90ms
Python,4,100,2,50758.68,1.91ms
Python,4,100,3,48363.58,2.02ms
